{
    "openapi": "3.0.0",
    "info": {
        "title": "Laravel OpenApi Demo Documentation",
        "description": "L5 Swagger OpenApi description",
        "contact": {
            "email": "admin@admin.com"
        },
        "license": {
            "name": "Apache 2.0",
            "url": "http://www.apache.org/licenses/LICENSE-2.0.html"
        },
        "version": "1.0.0"
    },
    "servers": [
        {
            "url": "http://project.test/api/v1",
            "description": "Demo API Server"
        }
    ],
    "paths": {
        "/projects": {
            "get": {
                "tags": [
                    "Projects"
                ],
                "summary": "Get list of projects",
                "description": "Returns list of projects",
                "operationId": "getProjectsList",
                "responses": {
                    "200": {
                        "description": "Successful operation",
                        "content": {
                            "application/json": {
                                "schema": {
                                    "$ref": "#/components/schemas/ProjectResource"
                                }
                            }
                        }
                    },
                    "401": {
                        "description": "Unauthenticated"
                    },
                    "403": {
                        "description": "Forbidden"
                    }
                }
            },
            "post": {
                "tags": [
                    "Projects"
                ],
                "summary": "Store new project",
                "description": "Returns project data",
                "operationId": "storeProject",
                "requestBody": {
                    "required": true,
                    "content": {
                        "application/json": {
                            "schema": {
                                "$ref": "#/components/schemas/StoreProjectRequest"
                            }
                        }
                    }
                },
                "responses": {
                    "201": {
                        "description": "Successful operation",
                        "content": {
                            "application/json": {
                                "schema": {
                                    "$ref": "#/components/schemas/Project"
                                }
                            }
                        }
                    },
                    "400": {
                        "description": "Bad Request"
                    },
                    "401": {
                        "description": "Unauthenticated"
                    },
                    "403": {
                        "description": "Forbidden"
                    }
                }
            }
        },
        "/projects/{id}": {
            "get": {
                "tags": [
                    "Projects"
                ],
                "summary": "Get project information",
                "description": "Returns project data",
                "operationId": "getProjectById",
                "parameters": [
                    {
                        "name": "id",
                        "in": "path",
                        "description": "Project id",
                        "required": true,
                        "schema": {
                            "type": "integer"
                        }
                    }
                ],
                "responses": {
                    "200": {
                        "description": "Successful operation",
                        "content": {
                            "application/json": {
                                "schema": {
                                    "$ref": "#/components/schemas/Project"
                                }
                            }
                        }
                    },
                    "400": {
                        "description": "Bad Request"
                    },
                    "401": {
                        "description": "Unauthenticated"
                    },
                    "403": {
                        "description": "Forbidden"
                    }
                }
            },
            "put": {
                "tags": [
                    "Projects"
                ],
                "summary": "Update existing project",
                "description": "Returns updated project data",
                "operationId": "updateProject",
                "parameters": [
                    {
                        "name": "id",
                        "in": "path",
                        "description": "Project id",
                        "required": true,
                        "schema": {
                            "type": "integer"
                        }
                    }
                ],
                "requestBody": {
                    "required": true,
                    "content": {
                        "application/json": {
                            "schema": {
                                "$ref": "#/components/schemas/UpdateProjectRequest"
                            }
                        }
                    }
                },
                "responses": {
                    "202": {
                        "description": "Successful operation",
                        "content": {
                            "application/json": {
                                "schema": {
                                    "$ref": "#/components/schemas/Project"
                                }
                            }
                        }
                    },
                    "400": {
                        "description": "Bad Request"
                    },
                    "401": {
                        "description": "Unauthenticated"
                    },
                    "403": {
                        "description": "Forbidden"
                    },
                    "404": {
                        "description": "Resource Not Found"
                    }
                }
            },
            "delete": {
                "tags": [
                    "Projects"
                ],
                "summary": "Delete existing project",
                "description": "Deletes a record and returns no content",
                "operationId": "deleteProject",
                "parameters": [
                    {
                        "name": "id",
                        "in": "path",
                        "description": "Project id",
                        "required": true,
                        "schema": {
                            "type": "integer"
                        }
                    }
                ],
                "responses": {
                    "204": {
                        "description": "Successful operation",
                        "content": {
                            "application/json": {
                                "schema": {}
                            }
                        }
                    },
                    "401": {
                        "description": "Unauthenticated"
                    },
                    "403": {
                        "description": "Forbidden"
                    },
                    "404": {
                        "description": "Resource Not Found"
                    }
                }
            }
        }
    },
    "components": {
        "schemas": {
            "Project": {
                "title": "Project",
                "description": "Project model",
                "properties": {
                    "id": {
                        "title": "ID",
                        "description": "ID",
                        "type": "integer",
                        "format": "int64",
                        "example": 1
                    },
                    "name": {
                        "title": "Name",
                        "description": "Name of the new project",
                        "type": "string",
                        "example": "A nice project"
                    },
                    "description": {
                        "title": "Description",
                        "description": "Description of the new project",
                        "type": "string",
                        "example": "This is new project's description"
                    },
                    "created_at": {
                        "title": "Created at",
                        "description": "Created at",
                        "type": "string",
                        "format": "datetime",
                        "example": "2020-01-27 17:50:45"
                    },
                    "updated_at": {
                        "title": "Updated at",
                        "description": "Updated at",
                        "type": "string",
                        "format": "datetime",
                        "example": "2020-01-27 17:50:45"
                    },
                    "deleted_at": {
                        "title": "Deleted at",
                        "description": "Deleted at",
                        "type": "string",
                        "format": "datetime",
                        "example": "2020-01-27 17:50:45"
                    },
                    "author_id": {
                        "title": "Author ID",
                        "description": "Author's id of the new project",
                        "type": "integer",
                        "format": "int64",
                        "example": 1
                    },
                    "author": {
                        "title": "Author",
                        "description": "Project author's user model",
                        "$ref": "#/components/schemas/User"
                    }
                },
                "type": "object",
                "xml": {
                    "name": "Project"
                }
            },
            "User": {
                "title": "User",
                "description": "User model",
                "properties": {
                    "id": {
                        "title": "ID",
                        "description": "ID",
                        "type": "integer",
                        "format": "int64",
                        "example": 1
                    },
                    "name": {
                        "title": "Name",
                        "description": "Name",
                        "type": "string"
                    },
                    "email": {
                        "title": "Email",
                        "description": "Email",
                        "type": "string",
                        "format": "email"
                    },
                    "email_verified_at": {
                        "title": "Email verified at",
                        "description": "Email verified at",
                        "type": "string",
                        "format": "datetime",
                        "example": "2020-01-27 17:50:45"
                    },
                    "created_at": {
                        "title": "Created at",
                        "description": "Created at",
                        "type": "string",
                        "format": "datetime",
                        "example": "2020-01-27 17:50:45"
                    },
                    "updated_at": {
                        "title": "Updated at",
                        "description": "Updated at",
                        "type": "string",
                        "format": "datetime",
                        "example": "2020-01-27 17:50:45"
                    },
                    "deleted_at": {
                        "title": "Deleted at",
                        "description": "Deleted at",
                        "type": "string",
                        "format": "datetime",
                        "example": "2020-01-27 17:50:45"
                    }
                },
                "type": "object"
            },
            "ProjectResource": {
                "title": "ProjectResource",
                "description": "Project resource",
                "properties": {
                    "data": {
                        "title": "Data",
                        "description": "Data wrapper",
                        "type": "array",
                        "items": {
                            "$ref": "#/components/schemas/Project"
                        }
                    }
                },
                "type": "object",
                "xml": {
                    "name": "ProjectResource"
                }
            },
            "StoreProjectRequest": {
                "title": "Store Project request",
                "description": "Store Project request body data",
                "required": [
                    "name"
                ],
                "properties": {
                    "name": {
                        "title": "name",
                        "description": "Name of the new project",
                        "type": "string",
                        "example": "A nice project"
                    },
                    "description": {
                        "title": "description",
                        "description": "Description of the new project",
                        "type": "string",
                        "example": "This is new project's description"
                    },
                    "author_id": {
                        "title": "author_id",
                        "description": "Author's id of the new project",
                        "type": "integer",
                        "format": "int64",
                        "example": 1
                    }
                },
                "type": "object"
            },
            "UpdateProjectRequest": {
                "title": "Update Project request",
                "description": "Update Project request body data",
                "required": [
                    "name"
                ],
                "properties": {
                    "name": {
                        "title": "name",
                        "description": "Name of the new project",
                        "type": "string",
                        "example": "A nice project"
                    },
                    "description": {
                        "title": "description",
                        "description": "Description of the new project",
                        "type": "string",
                        "example": "This is new project's description"
                    },
                    "author_id": {
                        "title": "author_id",
                        "description": "Author's id of the new project",
                        "type": "integer",
                        "format": "int64",
                        "example": 1
                    }
                },
                "type": "object"
            }
        }
    },
    "tags": [
        {
            "name": "Projects",
            "description": "API Endpoints of Projects"
        }
    ]
}